id,location,price,num_bedrooms,num_bathrooms,square_footage,details,area_overview
0,Green Oaks,800000,3,2,2000,"Welcome to this eco-friendly oasis nestled in the heart of Green Oaks. This charming 3-bedroom, 2-bathroom home boasts energy-efficient features such as solar panels and a well-insulated structure. Natural light floods the living spaces, highlighting the beautiful hardwood floors and eco-conscious finishes. The open-concept kitchen and dining area lead to a spacious backyard with a vegetable garden, perfect for the eco-conscious family. Embrace sustainable living without compromising on style in this Green Oaks gem.","Green Oaks is a close-knit, environmentally-conscious community with access to organic grocery stores, community gardens, and bike paths. Take a stroll through the nearby Green Oaks Park or grab a cup of coffee at the cozy Green Bean Cafe. With easy access to public transportation and bike lanes, commuting is a breeze."
1,Downtown Loft District,1200000,2,2,1800,"Luxury loft living in the heart of the city! This spacious 2-bedroom, 2-bathroom loft features high ceilings, exposed brick walls, and floor-to-ceiling windows offering stunning city views. The modern kitchen is perfect for entertaining, and the master suite includes a walk-in closet and spa-like bathroom. Enjoy the convenience of downtown living with easy access to restaurants, shops, and entertainment.","The Downtown Loft District is a vibrant neighborhood with a mix of historic buildings and modern amenities. Explore art galleries, trendy boutiques, and rooftop bars just steps from your front door. With public transportation options nearby, you can easily navigate the city and beyond."
2,Suburban Meadows,600000,4,3,2500,"Welcome home to this spacious 4-bedroom, 3-bathroom house in the peaceful Suburban Meadows neighborhood. The open floor plan features a gourmet kitchen, cozy fireplace, and a backyard oasis with a pool and patio. The master suite offers a private retreat with a spa-like bathroom and walk-in closet. Perfect for families looking for a quiet suburban escape.","Suburban Meadows is a family-friendly community with top-rated schools, parks, and community events. Enjoy the convenience of nearby shopping centers, restaurants, and recreational facilities. With easy access to highways, commuting to the city is a breeze."
3,Beachfront Paradise,1500000,5,4,3500,"Live the beachfront dream in this stunning 5-bedroom, 4-bathroom home with panoramic ocean views. The open-concept living spaces feature high-end finishes, vaulted ceilings, and a gourmet kitchen. Relax in the backyard oasis with a pool, spa, and outdoor kitchen perfect for entertaining. Wake up to the sound of waves crashing and enjoy the ultimate coastal lifestyle.","Beachfront Paradise offers a relaxed coastal vibe with sandy beaches, surf spots, and beachfront cafes. Explore nearby hiking trails, boutique shops, and waterfront dining options. With easy access to major highways, you can escape to the city or explore the coast with ease."
4,Mountain Retreat,900000,3,2,2200,"Escape to this peaceful mountain retreat nestled in the scenic hills. This 3-bedroom, 2-bathroom home features a cozy fireplace, vaulted ceilings, and a wrap-around deck with stunning mountain views. The updated kitchen is perfect for cooking family meals, and the master suite offers a private sanctuary with a spa-like bathroom. Embrace nature and tranquility in this mountain paradise.","The Mountain Retreat neighborhood is a nature lover's paradise with hiking trails, wildlife, and breathtaking views. Enjoy outdoor activities such as hiking, biking, and skiing in the nearby mountains. With local markets and cafes, you can experience mountain living with modern conveniences."
5,Lakefront Haven,1200000,4,3,2800,"Experience lakefront living in this spacious 4-bedroom, 3-bathroom home with stunning water views. The open-concept living spaces feature hardwood floors, a gourmet kitchen, and a cozy fireplace. Relax in the backyard oasis with a private dock, boat lift, and outdoor kitchen perfect for entertaining. Enjoy boating, fishing, and water sports right from your backyard.","Lakefront Haven is a waterfront community with access to boating, fishing, and water activities. Explore nearby parks, marinas, and waterfront dining options. With easy access to major highways, you can enjoy the tranquility of lake living while still being close to city amenities."
6,Historic District,700000,3,2,1900,"Step back in time in this charming 3-bedroom, 2-bathroom home located in the historic district. The home features original hardwood floors, crown molding, and a cozy fireplace. The updated kitchen offers modern conveniences while maintaining the historic charm. Relax on the front porch or entertain in the backyard garden oasis. Experience the beauty and history of this unique neighborhood.","The Historic District is a picturesque neighborhood with tree-lined streets, historic homes, and boutique shops. Explore local museums, art galleries, and cultural events. With easy access to public transportation, you can explore the city's historic landmarks and attractions."
7,Golf Course Community,1000000,4,3,2400,"Live the resort lifestyle in this 4-bedroom, 3-bathroom home located in a prestigious golf course community. The home features a gourmet kitchen, spacious living areas, and a backyard oasis with a pool and spa. The master suite offers a private retreat with a luxurious bathroom and walk-in closet. Enjoy golf course views and country club amenities right at your doorstep.","The Golf Course Community is a golfer's paradise with access to championship courses, tennis courts, and clubhouse amenities. Explore nearby parks, hiking trails, and shopping centers. With easy access to major highways, you can enjoy the convenience of suburban living with resort-style amenities."
8,Waterfront Retreat,1300000,5,4,3200,"Escape to this luxurious waterfront retreat with breathtaking water views. This 5-bedroom, 4-bathroom home features high-end finishes, vaulted ceilings, and a gourmet kitchen. The outdoor living spaces include a pool, spa, and private dock perfect for boating and water sports. Enjoy the ultimate waterfront lifestyle in this stunning retreat.","Waterfront Retreat offers a serene waterfront setting with access to boating, fishing, and water activities. Explore nearby marinas, parks, and waterfront dining options. With easy access to major highways, you can enjoy the tranquility of waterfront living while still being close to city amenities."
9,Urban Condo,500000,2,1,1200,"Live in the heart of the city in this modern 2-bedroom, 1-bathroom condo. The open-concept living spaces feature hardwood floors, high ceilings, and floor-to-ceiling windows offering city views. The updated kitchen is perfect for cooking and entertaining, and the master bedroom includes a walk-in closet. Enjoy the convenience of urban living with restaurants, shops, and entertainment just steps away.","The Urban Condo neighborhood is a bustling urban hub with access to public transportation, restaurants, and cultural attractions. Explore nearby parks, museums, and theaters. With easy access to highways and bike lanes, you can navigate the city with ease."
10,Family-Friendly Subdivision,700000,4,3,2300,"Welcome home to this spacious 4-bedroom, 3-bathroom house in a family-friendly subdivision. The open floor plan features a gourmet kitchen, cozy fireplace, and a backyard oasis with a play area and garden. The master suite offers a private retreat with a spa-like bathroom and walk-in closet. Perfect for families looking for a safe and welcoming community.","The Family-Friendly Subdivision is a tight-knit community with top-rated schools, parks, and community events. Enjoy the convenience of nearby shopping centers, restaurants, and recreational facilities. With easy access to highways, commuting to the city is a breeze."
11,Rural Farmhouse,600000,3,2,2100,"Escape to the countryside in this charming 3-bedroom, 2-bathroom farmhouse. The home features a wrap-around porch, original hardwood floors, and a cozy fireplace. The updated kitchen offers modern conveniences while maintaining the farmhouse charm. Relax in the backyard garden or explore the surrounding farmland. Experience the peace and tranquility of rural living.","The Rural Farmhouse neighborhood is a quiet rural community with farmland, orchards, and vineyards. Enjoy outdoor activities such as hiking, biking, and horseback riding. With local markets and farm stands, you can experience farm-to-table living with fresh produce and local goods."
12,Ski Chalet,800000,4,3,2400,"Embrace winter living in this cozy 4-bedroom, 3-bathroom ski chalet. The home features a stone fireplace, vaulted ceilings, and a spacious deck with mountain views. The open-concept living spaces are perfect for apr√®s-ski gatherings, and the master suite offers a private retreat with a luxurious bathroom. Enjoy skiing, snowboarding, and winter sports right from your doorstep.","The Ski Chalet neighborhood is a winter wonderland with access to ski resorts, snowshoeing trails, and winter activities. Explore nearby shops, restaurants, and apres-ski bars. With easy access to major highways, you can enjoy the beauty of winter living while still being close to city amenities."
13,Coastal Cottage,700000,3,2,1900,"Live the coastal lifestyle in this charming 3-bedroom, 2-bathroom cottage by the sea. The home features a wrap-around porch, hardwood floors, and a cozy fireplace. The updated kitchen offers modern conveniences while maintaining the cottage charm. Relax in the backyard garden or take a short walk to the beach. Experience the beauty and tranquility of coastal living.","The Coastal Cottage neighborhood is a seaside community with sandy beaches, surf spots, and beachfront cafes. Explore nearby hiking trails, boutique shops, and waterfront dining options. With easy access to major highways, you can escape to the coast for a weekend getaway or enjoy year-round coastal living."
14,Historic Brownstone,900000,4,3,2200,"Step back in time in this historic 4-bedroom, 3-bathroom brownstone located in the heart of the city. The home features original architectural details, hardwood floors, and a grand staircase. The updated kitchen offers modern conveniences while preserving the historic charm. Relax on the rooftop terrace or entertain in the private courtyard. Experience the elegance and history of this unique property.","The Historic Brownstone neighborhood is a vibrant urban community with historic landmarks, cultural attractions, and trendy restaurants. Explore local museums, art galleries, and boutique shops. With easy access to public transportation, you can experience city living with a touch of history."
15,Lakeview Cabin,600000,2,1,1500,"Escape to this cozy 2-bedroom, 1-bathroom cabin with stunning lake views. The home features a stone fireplace, wood beams, and a spacious deck overlooking the water. The open-concept living spaces are perfect for relaxing by the fire or enjoying the outdoors. Experience the peace and tranquility of lake living in this charming cabin.","The Lakeview Cabin neighborhood is a lakeside retreat with access to boating, fishing, and water activities. Explore nearby hiking trails, marinas, and waterfront dining options. With easy access to major highways, you can enjoy the beauty of lake living while still being close to city amenities."
16,Modern Townhouse,800000,3,2,2000,"Live in style in this modern 3-bedroom, 2-bathroom townhouse located in a trendy urban neighborhood. The home features sleek finishes, an open floor plan, and a rooftop terrace with city views. The gourmet kitchen is perfect for cooking and entertaining, and the master suite offers a private retreat with a spa-like bathroom. Enjoy the convenience of urban living with shops, restaurants, and entertainment just steps away.","The Modern Townhouse neighborhood is a hip urban enclave with access to trendy boutiques, cafes, and cultural attractions. Explore nearby parks, art galleries, and music venues. With easy access to public transportation, you can experience city living with modern amenities and style."
17,Country Estate,1500000,5,4,3500,"Escape to this luxurious 5-bedroom, 4-bathroom country estate on sprawling acres of land. The home features a grand foyer, formal living and dining rooms, and a gourmet kitchen. The outdoor living spaces include a pool, tennis court, and guest house perfect for entertaining. Enjoy the privacy and tranquility of country living in this elegant estate.","The Country Estate neighborhood is a prestigious rural community with horse farms, vineyards, and country clubs. Explore nearby hiking trails, wineries, and equestrian centers. With easy access to major highways, you can enjoy the beauty of country living while still being close to city amenities."
18,City Penthouse,2000000,3,3,3000,"Live the high life in this luxurious 3-bedroom, 3-bathroom penthouse with panoramic city views. The open-concept living spaces feature high-end finishes, floor-to-ceiling windows, and a gourmet kitchen. The master suite offers a private retreat with a spa-like bathroom and walk-in closet. Relax on the rooftop terrace or entertain in the grand living room. Experience urban living at its finest in this stunning penthouse.","The City Penthouse neighborhood is a prestigious urban enclave with access to high-end restaurants, shops, and cultural attractions. Explore nearby parks, museums, and theaters. With easy access to public transportation and major highways, you can enjoy the convenience of city living with luxury amenities and style."
